,Accuracy,Algorithm
0,0.7914110429447853,DT
1,0.8098159509202454,KNN
2,0.6196319018404908,LR
3,0.7914110429447853,SVM
4,0.6257668711656442,LDA
5,0.6380368098159509,GNB
